{
  "project_info": {
    "project_number": "675413972916",
    "firebase_url": "https://medod-admin.firebaseio.com",
    "project_id": "medod-admin",
    "storage_bucket": "medod-admin.appspot.com"
  },
  "client": [
    {
      "client_info": {
        "mobilesdk_app_id": "1:675413972916:android:079c6e961fcb6a22e804e1",
        "android_client_info": {
          "package_name": "com.example.medod_admin"
        }
      },
      "oauth_client": [
        {
          "client_id": "675413972916-s0j4p3k97oscj8mbsqgcdv6dufie15mv.apps.googleusercontent.com",
          "client_type": 3
        }
      ],
      "api_key": [
        {
          "current_key": "AIzaSyCPwC837SFCGZ2zpOT8uEUViiAqsB5Bg10"
        }
      ],
      "services": {
        "appinvite_service": {
          "other_platform_oauth_client": [
            {
              "client_id": "675413972916-s0j4p3k97oscj8mbsqgcdv6dufie15mv.apps.googleusercontent.com",
              "client_type": 3
            }
          ]
        }
      }
    }
  ],
  "configuration_version": "1"
}